{"test_f1":0.19265829021926584,"train_loss":1.1089542521136715,"_timestamp":1.7466133959698043e+09,"_step":4,"train_acc":0.4063576675550933,"train_f1":0.19262888662907152,"_wandb":{"runtime":383},"val_acc":0.40634755463059313,"test_acc":0.40644490644490644,"val_f1":0.19262547786410164,"_runtime":383.522695644,"epoch":5}